-- --------------------------------------------------------
-- Host:                         127.0.0.1
-- Server version:               5.6.21 - MySQL Community Server (GPL)
-- Server OS:                    Win32
-- HeidiSQL version:             7.0.0.4053
-- Date/time:                    2015-03-23 16:43:08
-- --------------------------------------------------------

/*!40101 SET @OLD_CHARACTER_SET_CLIENT=@@CHARACTER_SET_CLIENT */;
/*!40101 SET NAMES utf8 */;
/*!40014 SET FOREIGN_KEY_CHECKS=0 */;

-- Dumping database structure for int_ita_db
CREATE DATABASE IF NOT EXISTS `int_ita_db` /*!40100 DEFAULT CHARACTER SET utf8 */;
USE `int_ita_db`;


-- Dumping structure for table int_ita_db.aa_access
DROP TABLE IF EXISTS `aa_access`;
CREATE TABLE IF NOT EXISTS `aa_access` (
  `user_id` smallint(5) unsigned NOT NULL,
  `interface_id` smallint(5) unsigned NOT NULL,
  `read` tinyint(1) NOT NULL DEFAULT '0',
  `add` tinyint(1) NOT NULL DEFAULT '0',
  `edit` tinyint(1) NOT NULL DEFAULT '0',
  `delete` tinyint(1) NOT NULL DEFAULT '0',
  PRIMARY KEY (`user_id`,`interface_id`),
  KEY `interface_id` (`interface_id`),
  CONSTRAINT `aa_access_ibfk_1` FOREIGN KEY (`user_id`) REFERENCES `aa_users` (`id`) ON DELETE CASCADE ON UPDATE CASCADE,
  CONSTRAINT `aa_access_ibfk_2` FOREIGN KEY (`interface_id`) REFERENCES `aa_interfaces` (`id`) ON DELETE CASCADE ON UPDATE CASCADE
) ENGINE=InnoDB DEFAULT CHARSET=utf8 ROW_FORMAT=COMPACT;

-- Dumping data for table int_ita_db.aa_access: ~0 rows (approximately)
/*!40000 ALTER TABLE `aa_access` DISABLE KEYS */;
/*!40000 ALTER TABLE `aa_access` ENABLE KEYS */;


-- Dumping structure for table int_ita_db.aa_authorizations
DROP TABLE IF EXISTS `aa_authorizations`;
CREATE TABLE IF NOT EXISTS `aa_authorizations` (
  `id` int(10) unsigned NOT NULL AUTO_INCREMENT,
  `user_id` smallint(5) unsigned NOT NULL,
  `when_enter` timestamp NOT NULL DEFAULT CURRENT_TIMESTAMP ON UPDATE CURRENT_TIMESTAMP,
  `ip` varchar(15) NOT NULL,
  PRIMARY KEY (`id`),
  KEY `user_id` (`user_id`),
  KEY `when_enter` (`when_enter`),
  CONSTRAINT `aa_authorizations_ibfk_1` FOREIGN KEY (`user_id`) REFERENCES `aa_users` (`id`) ON DELETE CASCADE ON UPDATE CASCADE
) ENGINE=InnoDB AUTO_INCREMENT=41 DEFAULT CHARSET=utf8 ROW_FORMAT=COMPACT;

-- Dumping data for table int_ita_db.aa_authorizations: ~36 rows (approximately)
/*!40000 ALTER TABLE `aa_authorizations` DISABLE KEYS */;
INSERT INTO `aa_authorizations` (`id`, `user_id`, `when_enter`, `ip`) VALUES
	(1, 2, '2015-03-02 15:33:25', '::1'),
	(2, 2, '2015-03-02 15:33:25', '::1'),
	(3, 2, '2015-03-02 15:41:58', '::1'),
	(4, 2, '2015-03-02 15:41:59', '::1'),
	(5, 3, '2015-03-02 15:45:10', '::1'),
	(6, 3, '2015-03-02 15:45:10', '::1'),
	(7, 2, '2015-03-03 15:04:10', '::1'),
	(8, 2, '2015-03-03 15:04:10', '::1'),
	(9, 2, '2015-03-03 15:41:31', '::1'),
	(10, 2, '2015-03-03 15:41:32', '::1'),
	(11, 2, '2015-03-03 17:26:15', '::1'),
	(12, 2, '2015-03-03 17:26:15', '::1'),
	(13, 2, '2015-03-04 12:54:56', '::1'),
	(14, 2, '2015-03-04 12:54:56', '::1'),
	(15, 2, '2015-03-05 14:12:11', '::1'),
	(16, 2, '2015-03-05 14:12:12', '::1'),
	(17, 2, '2015-03-06 13:21:13', '::1'),
	(18, 2, '2015-03-06 13:21:13', '::1'),
	(19, 2, '2015-03-06 13:33:29', '::1'),
	(20, 2, '2015-03-06 13:33:30', '::1'),
	(21, 2, '2015-03-07 01:19:06', '::1'),
	(22, 2, '2015-03-07 01:19:07', '::1'),
	(23, 2, '2015-03-07 10:31:26', '::1'),
	(24, 2, '2015-03-07 10:31:27', '::1'),
	(25, 2, '2015-03-10 14:40:09', '::1'),
	(26, 2, '2015-03-10 14:40:09', '::1'),
	(27, 2, '2015-03-12 17:10:57', '::1'),
	(28, 2, '2015-03-12 17:10:57', '::1'),
	(29, 2, '2015-03-12 18:59:14', '::1'),
	(30, 2, '2015-03-12 18:59:14', '::1'),
	(31, 2, '2015-03-13 13:24:19', '::1'),
	(32, 2, '2015-03-13 13:24:21', '::1'),
	(33, 2, '2015-03-13 16:25:37', '::1'),
	(34, 2, '2015-03-13 16:25:37', '::1'),
	(35, 2, '2015-03-19 15:45:40', '::1'),
	(36, 2, '2015-03-19 15:45:41', '::1'),
	(37, 2, '2015-03-20 15:14:18', '::1'),
	(38, 2, '2015-03-20 15:14:18', '::1'),
	(39, 2, '2015-03-23 14:29:03', '::1'),
	(40, 2, '2015-03-23 14:29:04', '::1');
/*!40000 ALTER TABLE `aa_authorizations` ENABLE KEYS */;


-- Dumping structure for table int_ita_db.aa_errors
DROP TABLE IF EXISTS `aa_errors`;
CREATE TABLE IF NOT EXISTS `aa_errors` (
  `id` int(10) unsigned NOT NULL AUTO_INCREMENT,
  `error_type` enum('exception','warning') DEFAULT NULL,
  `info` text,
  `authorization_id` int(10) unsigned DEFAULT NULL,
  PRIMARY KEY (`id`),
  KEY `authorization_id` (`authorization_id`),
  CONSTRAINT `aa_errors_ibfk_1` FOREIGN KEY (`authorization_id`) REFERENCES `aa_authorizations` (`id`) ON DELETE SET NULL ON UPDATE CASCADE
) ENGINE=InnoDB DEFAULT CHARSET=utf8;

-- Dumping data for table int_ita_db.aa_errors: ~0 rows (approximately)
/*!40000 ALTER TABLE `aa_errors` DISABLE KEYS */;
/*!40000 ALTER TABLE `aa_errors` ENABLE KEYS */;


-- Dumping structure for table int_ita_db.aa_interfaces
DROP TABLE IF EXISTS `aa_interfaces`;
CREATE TABLE IF NOT EXISTS `aa_interfaces` (
  `id` smallint(5) unsigned NOT NULL AUTO_INCREMENT,
  `section_id` tinyint(3) unsigned DEFAULT NULL,
  `alias` varchar(60) NOT NULL,
  `level` tinyint(3) unsigned NOT NULL DEFAULT '5',
  `title` varchar(80) NOT NULL,
  `info` text,
  PRIMARY KEY (`id`),
  UNIQUE KEY `alias` (`alias`),
  KEY `section_id` (`section_id`),
  CONSTRAINT `aa_interfaces_ibfk_1` FOREIGN KEY (`section_id`) REFERENCES `aa_sections` (`id`) ON DELETE CASCADE ON UPDATE CASCADE
) ENGINE=InnoDB DEFAULT CHARSET=utf8 ROW_FORMAT=COMPACT;

-- Dumping data for table int_ita_db.aa_interfaces: ~0 rows (approximately)
/*!40000 ALTER TABLE `aa_interfaces` DISABLE KEYS */;
/*!40000 ALTER TABLE `aa_interfaces` ENABLE KEYS */;


-- Dumping structure for table int_ita_db.aa_logs
DROP TABLE IF EXISTS `aa_logs`;
CREATE TABLE IF NOT EXISTS `aa_logs` (
  `id` bigint(20) unsigned NOT NULL AUTO_INCREMENT,
  `interface_id` smallint(5) unsigned DEFAULT NULL,
  `authorization_id` int(10) unsigned DEFAULT NULL,
  `when_event` timestamp NOT NULL DEFAULT CURRENT_TIMESTAMP ON UPDATE CURRENT_TIMESTAMP,
  `message` text,
  `data` text,
  PRIMARY KEY (`id`),
  KEY `interface_id` (`interface_id`),
  KEY `authorization_id` (`authorization_id`),
  CONSTRAINT `aa_logs_ibfk_1` FOREIGN KEY (`interface_id`) REFERENCES `aa_interfaces` (`id`) ON DELETE CASCADE ON UPDATE CASCADE,
  CONSTRAINT `aa_logs_ibfk_2` FOREIGN KEY (`authorization_id`) REFERENCES `aa_authorizations` (`id`) ON DELETE CASCADE ON UPDATE CASCADE
) ENGINE=InnoDB DEFAULT CHARSET=utf8 ROW_FORMAT=COMPACT;

-- Dumping data for table int_ita_db.aa_logs: ~0 rows (approximately)
/*!40000 ALTER TABLE `aa_logs` DISABLE KEYS */;
/*!40000 ALTER TABLE `aa_logs` ENABLE KEYS */;


-- Dumping structure for table int_ita_db.aa_sections
DROP TABLE IF EXISTS `aa_sections`;
CREATE TABLE IF NOT EXISTS `aa_sections` (
  `id` tinyint(3) unsigned NOT NULL AUTO_INCREMENT,
  `title` varchar(40) NOT NULL,
  PRIMARY KEY (`id`)
) ENGINE=InnoDB DEFAULT CHARSET=utf8 ROW_FORMAT=COMPACT;

-- Dumping data for table int_ita_db.aa_sections: ~0 rows (approximately)
/*!40000 ALTER TABLE `aa_sections` DISABLE KEYS */;
/*!40000 ALTER TABLE `aa_sections` ENABLE KEYS */;


-- Dumping structure for table int_ita_db.aa_users
DROP TABLE IF EXISTS `aa_users`;
CREATE TABLE IF NOT EXISTS `aa_users` (
  `id` smallint(5) unsigned NOT NULL AUTO_INCREMENT,
  `level` enum('root','admin','user') NOT NULL DEFAULT 'user',
  `login` varchar(21) NOT NULL,
  `password` varchar(32) NOT NULL,
  `interface_level` tinyint(4) NOT NULL DEFAULT '1',
  `email` varchar(40) NOT NULL,
  `surname` varchar(21) NOT NULL,
  `firstname` varchar(21) NOT NULL,
  `middlename` varchar(21) DEFAULT NULL,
  `regdate` timestamp NOT NULL DEFAULT CURRENT_TIMESTAMP,
  `info` tinytext,
  `salt` varchar(8) DEFAULT NULL,
  `disabled` tinyint(1) NOT NULL DEFAULT '0',
  PRIMARY KEY (`id`),
  UNIQUE KEY `login` (`login`)
) ENGINE=InnoDB AUTO_INCREMENT=4 DEFAULT CHARSET=utf8 ROW_FORMAT=COMPACT;

-- Dumping data for table int_ita_db.aa_users: ~2 rows (approximately)
/*!40000 ALTER TABLE `aa_users` DISABLE KEYS */;
INSERT INTO `aa_users` (`id`, `level`, `login`, `password`, `interface_level`, `email`, `surname`, `firstname`, `middlename`, `regdate`, `info`, `salt`, `disabled`) VALUES
	(2, 'root', 'root', '63a9f0ea7bb98050796b649e85481845', 1, 'root', 'root', 'root', 'root', '2015-03-02 15:33:13', NULL, NULL, 0),
	(3, 'user', 'User', '5f4dcc3b5aa765d61d8327deb882cf99', 1, 'user', 'Surname', 'Name', 'Middle name', '2015-03-02 15:43:00', NULL, NULL, 0);
/*!40000 ALTER TABLE `aa_users` ENABLE KEYS */;


-- Dumping structure for table int_ita_db.aboutus
DROP TABLE IF EXISTS `aboutus`;
CREATE TABLE IF NOT EXISTS `aboutus` (
  `blockID` int(11) NOT NULL AUTO_INCREMENT,
  `language` enum('EN','UA','RU') NOT NULL,
  `line2Image` varchar(255) NOT NULL,
  `iconImage` varchar(255) NOT NULL,
  `titleText` varchar(50) NOT NULL,
  `textAbout` varchar(255) NOT NULL,
  `linkAddress` varchar(255) NOT NULL,
  `imagesPath` varchar(255) NOT NULL,
  `drop1Text` text NOT NULL,
  `drop2Text` text NOT NULL,
  `drop3Text` text NOT NULL,
  `dropName` varchar(50) NOT NULL,
  `textLarge` text NOT NULL,
  PRIMARY KEY (`blockID`)
) ENGINE=InnoDB AUTO_INCREMENT=7 DEFAULT CHARSET=utf8;

-- Dumping data for table int_ita_db.aboutus: ~6 rows (approximately)
/*!40000 ALTER TABLE `aboutus` DISABLE KEYS */;
INSERT INTO `aboutus` (`blockID`, `language`, `line2Image`, `iconImage`, `titleText`, `textAbout`, `linkAddress`, `imagesPath`, `drop1Text`, `drop2Text`, `drop3Text`, `dropName`, `textLarge`) VALUES
	(1, 'UA', '/css/images/line2.png', 'image1.png', 'Про що мрієш ти?', '<p>Спробуємо вгадати: власна квартира чи навіть будинок? Гарний автомобіль? Закордонні подорожі, можливо, до екзотичних країн?</p>', '/index.php?r=site/aboutdetail&id=1', '/css/images/', '', '', '', '', '<p>Спробуємо вгадати: власна квартира чи навіть будинок? Гарний автомобіль? Закордонні подорожі, можливо, до екзотичних країн? Забезпечене життя для себе та близьких, коли не доводиться думати про гроші?\nА, може, це свобода жити своїм життям? Самостійно керувати власним часом з можливістю працювати за зручним графіком без необхідності щодня їздити на роботу, але при цьому мати стабільно високий дохід?\n	Можливо ти хочеш заробляти, займаючись улюбленою справою і отримувати задоволення від сучасної професії?\nПро що б ти не мріяв, для здійснення більшості мрій потрібні гроші. Сьогодні середня зарплата в Україні є найнижчою в Європі: близько 3,5 тис грн у місяць. Навіть якщо брати сферу бізнесу, зарплати більшості робітників не перевищують 5-8 тис грн. \nЯк щодо 40 - 60 тис грн в місяць з можливістю працювати за гнучким графіком та дистанційно? Ти думаєш, що в нашій країні такі умови лише у керівників та власників бізнесу? У нас хороша новина: вже через рік-два-три так зможеш заробляти і ти.</p>\n\n<p><span class="detailTitle2">Професія майбутнього</span>\n Сьогодні у тебе є реальна можливість поєднати хороший заробіток, гнучкий графік роботи та зручність дистанційної роботи. І це не “заработок в интернете”, про який кричить банерна реклама на багатьох сайтах. Ми віримо у те, що високого стабільного доходу можна досягти лише за допомогою власних зусиль.\nМи живемо в епоху, коли головним двигуном розвитку світової економіки є інформаційні технології (ІТ). Вони дозволяють досягти нових проривних результатів у традиційних галузях: виробництві та послугах. Саме інформаційні технології повністю змінили і продовжують трансформувати індустрії звязку, розваг (книги, музика, фільми), банківських послуг, а також такі традиційні бізнеси, як послуги таксі (Uber), готелів (Airbnb), навчання (Coursera). \nГерої інформаційної епохи - це спеціалісти з інформаційних технологій. Вони знаходяться на передовій змін, вони придумали та продовжують розвивати Windows, iOS, Android, а також мільйони додатків до них, вони створюють соціальні мережі, сайти та бази даних. \nГарна новина для тебе: сьогодні таких спеціалістів не вистачає. Інформаційні технології розвиваються дуже швидко і стають потрібними усюди, тому людей не вистачає, існуючі навчальні заклади просто не встигають готувати потрібну кількість. Нестача спеціалістів означає, що зарплати на ринку стабільно зростають, і сягнули небачених для України значень: в середньому спеціалісти з інформаційних технологій сьогодні отримують 3-5 тис доларів у місяць, і при цьому роботодавці активно полюють на професіоналів. Секрет таких високих зарплат не лише у дефіциті кадрів, а й у тому, що для ІТ-галузі кордони - не проблема. Ти можеш працювати вдома зі своєї квартири в Україні над замовленням клієнта зі США чи Німеччини і отримувати винагороду у доларах чи євро з рівнем оплати, не набагато нижчим від американських чи європейських стандартів.  \nМи запрошуємо тебе приєднатися до світової інформаційної еліти та за короткий час стати професіоналом у сфері інформаційних технологій, щоб отримувати стабільно високий дохід та працювати в зручних умовах за гнучким графіком. </p>\n\n<p><span class="detailTitle2">Що очікується від тебе</span><br/>\nПрограмування - це не так складно, як ти можеш уявляти. Безумовно, щоб стати хорошим програмістом, потрібен час та зусилля. Ризикнемо сказати, що крім часу та зусиль (та, зрозуміло, наявності простенького компютера) не потрібно більше ні-чо-го. Не потрібно бути сильним у математиці: навіть якщо у школі ти не любив математику, а твої оцінки не піднимались вище середнього рівня, ти зможеш стати чудовим програмістом. Не потрібно знати, як влаштований компютер чи бути досвіченим користувачем будь-яких програм. Достатньо часу на навчання та бажання займатися. Гарні знання з математики, логіки, комп’ютера можуть пришвидшити темп навчання, але й без них кожен зможе досягти високого рівня професіоналізму у програмуванні завдяки іноваційному підходу до навчання Академії Програмування ІНТІТА.</p>'),
	(2, 'UA', '/css/images/line2.png', 'image2.png', 'Навчання майбутнього', '<p>Програмування – це не так складно, як ти можеш уявляти. Безумовно, щоб стати хорошим програмістом, потрібен час та зусилля.</p>', '/index.php?r=site/aboutdetail&id=2', '/css/images/', '', '', '', '', '<p>Коли мова йде про навчальний заклад, можемо побитися об заклад, що до думки тобі приходять велика будівля з десятками навчальних приміщень, лекційна аудиторія, парти, записники, конспекти, викладачі, лекції, семінари. Така система освіти сформувалася ще у Стародавній Греції, і за кілька тисяч років майже не змінилася. Але зараз світ стоїть на порозі великої революції в освіті, яка назавжди змінить те, як ми навчаємося. Сьогодні технології зробили доступним те, що раніше могли дозволити собі лише одиниці, наймаючи персональних вчителів та репетиторів: персоналізоване навчання.\n<span class="detailTitle2">“Три кити” Академії ІНТІТА </span></p>\n\n<p><span class="detailTitle3">Кит перший. Гнучкість та зручність. </span></p>\n\n<p>Ти можеш самостійно будувати графік навчання, виходячи з власних потреб та цілей. Якщо ти хочеш закінчити навчання та почати працювати вже через рік, обирай інтенсивне навчання та займайся 6-8 годин в день. Якщо ти хочеш освоїти програмування поступово, не жертвуючи іншими важливими для тебе речами, ти можеш займатися ті ж 6-8 годин, але у тиждень. \nНе потрібно відвідувати навчальний заклад, Академія з тобою всюди. Навіть якщо ти у місці, де немає звязку та інтернету, ти можеш переглядати лекції в офлайн-режимі, а практичну частину зробити пізніше, коли зявиться доступ.  \n<span class="detailTitle3">Кит другий. Орієнтація на ринок. </span></p>\n\n<p>Ми даємо тобі лише 100% необхідні знання. Ми поважаємо гуманітарні дисципліни та фундаментальні точні науки, які входять до  складу обовязкових для вивчення у вишах, але переконані, що вони не є обовязковими для того, щоб стати професіоналом у сфері інформаційних технологій. Ми вважаємо, що кожен має вирішувати індивідуально, що вивчати та чим цікавитись за межами своєї професії. У той же час у програмах вишів відсутні критичні для професійного успіху дисципліни, або ж вони викладаються недостатньо професійно (англійська мова для ІТ-спеціалістів, проектний менеджмент тощо). Інформаційні технології - це дисципліна, яка змінюється кожного дня, програми вишів просто не встигають адаптуватися до такої швидкості змін. ІНТІТА слідкує за змінами щодня, і адаптує як навчальну програму, так і зміст окремих предметів за необхідностю миттєво. Ми завжди у пошуку нового матеріалу, який можна передати студентам академії.  \nПорівнюючи звичайний технічний виш та академію ІНТІТА, ти можеш думати про сімейний універсал та болід Формула-1. Перший підходить для широкого кола завдань, але він значно програє позашляховикам у прохідності, міні-венам у місткості, лімузинам - у комфорті, спротивним автомобілям - у швидкості та керуванні. Другий сконструйовано лише заради максимальної швидкості та маневреності, жертвуючи усім іншим. І в результаті ми не зробимо з тебе універсально освічену людину, яка розбирається потрохи у всьому, ми зробимо тебе професіоналом світового класу в області програмування.  \n <span class="detailTitle3">Кит третій. Результативність. </span></p>\n\n<p>На відміну від традиційних закладів, ми не навчаємо задля оцінок. Ми працюємо індивідуально з кожним студентом, щоб досягти 100% засвоєння необхідних знань (а ми даємо лише необхідні знання). Ми не обмежуємо тебе у часі, теоретично ти можеш навчатися як завгодно довго. Ми беремо на себе зобовязання навчити тебе програмуванню, незважаючи на те, які знання у тебе вже є. Єдиними передумовами для початку занять є бажання, час на навчання, наявність хоча б простенького компютера та вміння читати та писати. \nЗнання, які ти отримаєш, максимально практичні та сучасні. Починаючи з першого заняття, ти робитимеш завдання з реального світу програмування. Ближче до закінчення навчання ти будеш приймати участь у створенні реальних програмних продуктів для ринку.\nМи гарантуємо тобі 100% отримання пропозиції про працевлаштування протягом 4-6-ти місяців після успішного закінчення навчання.\n <span class="detailTitle2">ІНТІТА: переваги наочно</span>\n \n <table id="detailTable">\n<tr><td><span class="detailTitle2">Традиційне навчання</span></td><td><span class="detailTitle2">ІНТІТА</span></td><td><span class="detailTitle2">Переваги</span></td></tr>\n <tr><td>Необхідність відвідувати заняття у класі</td><td>Навчання у себе вдома</td><td>Комфортна домашня атмосфера, економія часу та коштів на поїздки</td></tr>\n <tr><td>Заняття за фіксованим графіком</td><td>Заняття за індивідуальним графіком</td><td>Можливість підлаштувати графік навчання під власні потреби</td></tr>\n<tr><td>Жорстко визначена навчальна програма, привязана до часових рамок (академічний рік)</td><td>Можливість обирати предмети та термін навчання </td><td>Навчання в комфортному темпі за власним графіком, не обмежене часом</td></tr>\n<tr><td>Лекції та семінари, як основа навчального процесу (вивчення теорії)</td><td>Практичні заняття з першого дня навчання, створення реальних працюючих проектів</td><td>Отримання реального робочого досвіду вже протягом навчання, портфоліо готових робіт на момент закінчення навчання</td></tr>\n<tr><td>Оцінки за якість засвоєних знань за певний час </td><td>Оцінок немає, лише “знання засвоєні” чи “потрібно навчатися далі”</td><td>Навчання до позитивного результату: до повного засвоєння необхідних знань</td></tr>\n<tr><td>Диплом про вищу освіту видається через 5-6 років за умови засвоєння великої кількості непрофільних знань (мова, історія, філософія тощо)</td><td>Лише практичні знання, які будуть потрібні тобі у роботі та житті: програмування, англійська мова, побудова карєри на ринку інформаційних технологій, основи життєвого успіху.</td><td>Весь час навчання витрачається на отримання корисних практичних знань, тому термін навчання скорочуються, а кількість практичних засвоєних знань більша, ніж у традиційних закладах.</td></tr>\n </table> \'</p>'),
	(3, 'UA', '/css/images/line2.png', 'image3.png', 'Питання та відгуки', '<p>Три кити Академії Програмування ІНТІТА Самостійний графік навчання. Лише 100% необхідні знання. Засвоєння 100% знань!</p>', '/index.php?r=site/aboutdetail&id=3', '/css/images/', '', '', '', '', '<p><span class="detailTitle3">Скільки триває навчання, як швидко я зможу почати заробляти?\n</span><ul><li class="listAbout">навчання не має фіксованого терміну і залежить виключно від темпу, який обереш ти.\n</li></ul>\n<span class="detailTitle3">Чи отримаю я державний диплом про освіту?\n</span><ul><li class="listAbout">ми не видаємо дипломів державного зразка, наша ціль - забезпечити передумови для гарантованого працевлаштування слухачів.\n</li></ul>\n<span class="detailTitle3">Чому навчання коштує так дешево (дорого) у порівнянні з вишем (курсами) Х?\n</span><ul><li class="listAbout">вартість навчання економічно обгрунтована і буде відроблена менше, ніж за рік роботи на позиції програміста-початківця.\n</li></ul>\n<span class="detailTitle3">У мене зараз немає необхідних коштів, чи можу я навчатися у кредит?\n</span><ul><li class="listAbout">так, ми пропонуємо гнучкий підхід в оплаті за навчання, детальніше можна вияснити написавши нам листа на електронну пошту. Контакти.\n</li></ul>\n<span class="detailTitle3">Я чув від знайомого, що він освоїв програмування самотужки, це можливо?\n</span><ul><li class="listAbout">так, на ринку багато “програмістів-самоучок”, але вони, як правило, пройшли довгий шлях для того, щоб навчитись програмуванню, ми - один із ефективних варіантів стати кваліфікованим програмістом за короткий час.\n</li></ul>\n<span class="detailTitle3">У мене у школі було погано з математикою / я давно не займався математикою. Це може завадити мені навчитися програмуванню?\n</span><ul><li class="listAbout">математика допомагає краще розвинути логічне мислення і знання елементарної математики необхідні обов’язково, проте, не математичне, а логічне мислення визначає наскільки гарний програміст і тільки невеликий відсоток гарних математиків стають професійними програмістами.\n</li></ul>\n<span class="detailTitle3">Мені 34 роки, чи можу я зараз розпочати навчання?\n</span><ul><li class="listAbout">верхньої вікової межі для того, щоб вивчати програмування - немає, люди і старшого віку розпочинали і досягали гарних результатів. Життєвий досвід людям старшого віку дозволяє ефективніше побудувати навчальний процес і швидше кар’єрно зростати.\n</li></ul>\n<span class="detailTitle3">Я чув думку, що професія програміста технічна, а я - людина творча. Чи підійде програмування мені?\n</span><ul><li class="listAbout">програмування - це і є творчість, варто спробувати, щоб зрозуміти чи це твоє покликання.\n</li></ul>\'</p>'),
	(4, 'RU', '/css/images/line2.png', 'image1.png', 'О чём ты мечтаешь?', '<p>Попробуем угадать: собственная квартира или даже дом? Красивая машина? Заграничные путешествия в экзотические страны?</p>', '/index.php?r=site/aboutdetail&id=1', '/css/images/', '', '', '', '', ''),
	(5, 'RU', '/css/images/line2.png', 'image2.png', 'Обучение будущего', '<p>Программирование - это не так сложно, как ты думаешь. Безусловно, чтобы стать хорошим программистом, нужны время и усилия.</p>', '/index.php?r=site/aboutdetail&id=2', '/css/images/', '', '', '', '', ''),
	(6, 'RU', '/css/images/line2.png', 'image3.png', 'Вопросы и отзывы', '<p>Три кита Академии Программирования ИНТИТА. Самостоятельный график обучения. Только 100% необходимые знания. 100 % усвоение знаний!</p>', '/index.php?r=site/aboutdetail&id=3', '/css/images/', '', '', '', '', '');
/*!40000 ALTER TABLE `aboutus` ENABLE KEYS */;


-- Dumping structure for table int_ita_db.carousel
DROP TABLE IF EXISTS `carousel`;
CREATE TABLE IF NOT EXISTS `carousel` (
  `order` int(11) NOT NULL,
  `pictureURL` varchar(50) NOT NULL,
  `description` varchar(100) NOT NULL,
  `imagesPath` varchar(255) DEFAULT NULL,
  `text` text NOT NULL,
  PRIMARY KEY (`order`)
) ENGINE=InnoDB DEFAULT CHARSET=utf8;

-- Dumping data for table int_ita_db.carousel: ~4 rows (approximately)
/*!40000 ALTER TABLE `carousel` DISABLE KEYS */;
INSERT INTO `carousel` (`order`, `pictureURL`, `description`, `imagesPath`, `text`) VALUES
	(1, '1.jpg', '<p>Слайдер фото 1</p>', '/css/images/slider_img/', 'Не упусти свій шанс змінити світ - отримай якісну та сучасну освіту і стань класним спеціалістом!'),
	(2, '2.jpg', '<p>Слайдер фото 2</p>', '/css/images/slider_img/', 'Хочеш стати висококласним спеціалістом, приймай вірне рішення - вступай до ІТ Академії ІНТІТА!'),
	(3, '3.jpg', '<p>Слайдер фото 3</p>', '/css/images/slider_img/', 'Один рік наполегливого і цікавого навчання - і ти станеш професійним програмістом. Навчатись важко - зате роботу знайти легко!'),
	(4, '4.jpg', '<p>Слайдер фото 4</p>', '/css/images/slider_img/', 'Не втрачай свій шанс на гідну та цікаву працю – програмуй своє майбутнє вже сьогодні!');
/*!40000 ALTER TABLE `carousel` ENABLE KEYS */;


-- Dumping structure for table int_ita_db.course
DROP TABLE IF EXISTS `course`;
CREATE TABLE IF NOT EXISTS `course` (
  `course_ID` int(11) NOT NULL AUTO_INCREMENT,
  `course_name` varchar(45) NOT NULL,
  `course_duration_hours` int(11) NOT NULL,
  `modules_count` int(255) DEFAULT NULL,
  `course_price` decimal(10,0) DEFAULT NULL,
  `for_whom` text,
  `what_you_learn` text,
  `what_you_get` text,
  `course_img` varchar(255) DEFAULT NULL,
  PRIMARY KEY (`course_ID`),
  UNIQUE KEY `course_name` (`course_name`)
) ENGINE=InnoDB AUTO_INCREMENT=10 DEFAULT CHARSET=utf8;

-- Dumping data for table int_ita_db.course: ~9 rows (approximately)
/*!40000 ALTER TABLE `course` DISABLE KEYS */;
INSERT INTO `course` (`course_ID`, `course_name`, `course_duration_hours`, `modules_count`, `course_price`, `for_whom`, `what_you_learn`, `what_you_get`, `course_img`) VALUES
	(1, 'Програмування для чайників', 89, 7, 6548, 'хто відповідає за постановку завдань на розробку;для дизайнерів, які готові почати не просто малювати красиві картинки, а й навчитися тому, як створювати працюючі і зручні інтерфейси;для розробників, які хочуть самостійно створити або змінити свій проект;', 'Ви навчитеся писати чистий код;Користуватися системами контролю версій;Дізнаєтеся, з чого складається сучасний додаток;Для чого потрібен безперервна інтеграція (СІ) сервер;Чому потрібно тестувати свої програми і як це робити;', 'Відеозаписи та текстові матеріали всіх онлайн-занять;Спілкування з розумними одногрупниками;Сертифікат про закінчення навчання;Прилаштованість на робоче місце в силіконовій долині;', '/css/images/course1Image.png'),
	(2, 'Course 2. Programming', 120, 0, 0, '', '', '', NULL),
	(3, 'Course 3. Math', 30, 0, 0, '', '', '', NULL),
	(4, 'Course 4. Discrete math', 40, 0, 0, '', '', '', NULL),
	(5, 'Course 5', 36, 0, 0, '', '', '', NULL),
	(6, 'Course 6', 130, 0, 0, '', '', '', NULL),
	(7, 'Course 7', 64, 0, 0, '', '', '', NULL),
	(8, 'Course 8', 54, 0, 0, '', '', '', NULL),
	(9, 'Course 9', 90, 0, 0, '', '', '', NULL);
/*!40000 ALTER TABLE `course` ENABLE KEYS */;


-- Dumping structure for table int_ita_db.footer
DROP TABLE IF EXISTS `footer`;
CREATE TABLE IF NOT EXISTS `footer` (
  `footerID` int(11) NOT NULL AUTO_INCREMENT,
  `language` enum('EN','UA','RU') NOT NULL DEFAULT 'UA',
  `imageSotial` varchar(255) NOT NULL,
  `phone` varchar(40) NOT NULL,
  `mobile` varchar(40) NOT NULL,
  `email` varchar(50) NOT NULL,
  `imageUp` varchar(255) NOT NULL,
  PRIMARY KEY (`footerID`)
) ENGINE=InnoDB AUTO_INCREMENT=4 DEFAULT CHARSET=utf8;

-- Dumping data for table int_ita_db.footer: ~3 rows (approximately)
/*!40000 ALTER TABLE `footer` DISABLE KEYS */;
INSERT INTO `footer` (`footerID`, `language`, `imageSotial`, `phone`, `mobile`, `email`, `imageUp`) VALUES
	(1, 'RU', '/css/images/sotial.gif', 'телефон: +38 0432 52 82 67 ', 'тел. моб. +38 067 432 20 10', 'e-mail: intita.hr@gmail.com', '/css/images/go_up.png'),
	(2, 'EN', '/css/images/sotial.gif', 'tel.: +38 0432 52 82 67', 'mobile +38 067 432 20 10', 'e-mail: intita.hr@gmail.com', '/css/images/go_up.png'),
	(3, 'UA', '/css/images/sotial.gif', 'телефон: +38 0432 52 82 67', 'тел. моб. +38 067 432 20 10', 'e-mail: intita.hr@gmail.com', '/css/images/go_up.png');
/*!40000 ALTER TABLE `footer` ENABLE KEYS */;


-- Dumping structure for table int_ita_db.header
DROP TABLE IF EXISTS `header`;
CREATE TABLE IF NOT EXISTS `header` (
  `headerID` int(11) NOT NULL AUTO_INCREMENT,
  `language` enum('EN','UA','RU') NOT NULL,
  `logoURL` varchar(255) NOT NULL,
  `smallLogoURL` varchar(255) NOT NULL,
  `menuItem1` varchar(30) NOT NULL,
  `item1Link` varchar(255) NOT NULL,
  `menuItem2` varchar(30) NOT NULL,
  `item2Link` varchar(255) NOT NULL,
  `menuItem3` varchar(30) NOT NULL,
  `item3Link` varchar(255) NOT NULL,
  `menuItem4` varchar(30) NOT NULL,
  `item4Link` varchar(255) NOT NULL,
  `enterButtonText` varchar(30) NOT NULL,
  `logoutButtonText` varchar(30) NOT NULL,
  PRIMARY KEY (`headerID`)
) ENGINE=InnoDB AUTO_INCREMENT=3 DEFAULT CHARSET=utf8;

-- Dumping data for table int_ita_db.header: ~3 rows (approximately)
/*!40000 ALTER TABLE `header` DISABLE KEYS */;
INSERT INTO `header` (`headerID`, `language`, `logoURL`, `smallLogoURL`, `menuItem1`, `item1Link`, `menuItem2`, `item2Link`, `menuItem3`, `item3Link`, `menuItem4`, `item4Link`, `enterButtonText`, `logoutButtonText`) VALUES
	(0, 'UA', '/css/images/Logo_big.png', '/css/images/Logo_small.png', 'Курси', '/index.php?r=courses', 'Викладачі', '/index.php?r=teachers', 'Форум', 'http://www.google.com', 'Про нас', '/index.php?r=site/aboutdetail', 'Вхід', 'Вхід'),
	(1, 'RU', '/css/images/Logo_big.png', '/css/images/Logo_small.png', 'Курсы', '/index.php?r=courses', 'Преподаватели', '/index.php?r=teachers', 'Форум', 'http://www.google.com', 'О нас', '/index.php?r=site/aboutdetail', 'Вход', 'Выход'),
	(2, 'UA', '/css/images/Logo_big.png', '/css/images/Logo_small.png', 'Курси', '/index.php?r=courses', 'Викладачі', '/index.php?r=teachers', 'Форум', 'http://www.google.com', 'Про нас', '/index.php?r=site/aboutdetail', 'Вхід', 'Вхід');
/*!40000 ALTER TABLE `header` ENABLE KEYS */;


-- Dumping structure for table int_ita_db.hometasks
DROP TABLE IF EXISTS `hometasks`;
CREATE TABLE IF NOT EXISTS `hometasks` (
  `hometask_ID` int(11) NOT NULL AUTO_INCREMENT,
  `fkmodule_ID` int(11) NOT NULL,
  `fklecture_ID` int(11) NOT NULL,
  `hometask_name` varchar(45) NOT NULL,
  `hometask_description` varchar(45) NOT NULL,
  `hometask_url` varchar(255) NOT NULL,
  PRIMARY KEY (`hometask_ID`),
  UNIQUE KEY `fkmodule_ID` (`fkmodule_ID`)
) ENGINE=InnoDB AUTO_INCREMENT=3 DEFAULT CHARSET=utf8;

-- Dumping data for table int_ita_db.hometasks: ~2 rows (approximately)
/*!40000 ALTER TABLE `hometasks` DISABLE KEYS */;
INSERT INTO `hometasks` (`hometask_ID`, `fkmodule_ID`, `fklecture_ID`, `hometask_name`, `hometask_description`, `hometask_url`) VALUES
	(1, 23, 34, 'Hometask 1', 'Description 1', 'URL 1'),
	(2, 2, 2, 'Hometask 2', 'Descipion 2', 'URL 2');
/*!40000 ALTER TABLE `hometasks` ENABLE KEYS */;


-- Dumping structure for table int_ita_db.language
DROP TABLE IF EXISTS `language`;
CREATE TABLE IF NOT EXISTS `language` (
  `id` int(11) NOT NULL AUTO_INCREMENT,
  `code` varchar(6) NOT NULL,
  `language` varchar(50) NOT NULL,
  `country` varchar(100) NOT NULL,
  PRIMARY KEY (`id`)
) ENGINE=InnoDB AUTO_INCREMENT=4 DEFAULT CHARSET=utf8;

-- Dumping data for table int_ita_db.language: ~3 rows (approximately)
/*!40000 ALTER TABLE `language` DISABLE KEYS */;
INSERT INTO `language` (`id`, `code`, `language`, `country`) VALUES
	(1, 'RU', 'русский', 'Россия'),
	(2, 'EN', 'english', 'Great Britain'),
	(3, 'UA', 'українська', 'Україна');
/*!40000 ALTER TABLE `language` ENABLE KEYS */;


-- Dumping structure for table int_ita_db.lecture
DROP TABLE IF EXISTS `lecture`;
CREATE TABLE IF NOT EXISTS `lecture` (
  `lectureID` int(11) NOT NULL AUTO_INCREMENT,
  `lectureImageMain` varchar(255) NOT NULL,
  `lectureModule` varchar(100) NOT NULL,
  `lectureNumber` int(11) NOT NULL,
  `lectureNameText` varchar(100) NOT NULL,
  `lectureTypeText` varchar(255) NOT NULL,
  `lectureTypeImage` varchar(255) NOT NULL,
  `lectureTimeText` varchar(20) NOT NULL,
  `lectureMaxNumber` int(11) NOT NULL,
  `lectureIconImage` varchar(255) NOT NULL,
  `lectureUnwatchedImage` varchar(255) NOT NULL,
  `lectureOverlookedImage` varchar(255) NOT NULL,
  `infoLectures` varchar(50) NOT NULL DEFAULT '0',
  `thisLectureInfo` varchar(255) NOT NULL DEFAULT '0',
  `preLectureInfo` varchar(255) NOT NULL DEFAULT '0',
  `postLessonInfo` varchar(255) NOT NULL DEFAULT '0',
  `teacherTitle` varchar(50) NOT NULL DEFAULT '0',
  `linkName` varchar(30) NOT NULL DEFAULT '0',
  PRIMARY KEY (`lectureID`),
  KEY `FK_lectures_modules` (`lectureModule`)
) ENGINE=InnoDB AUTO_INCREMENT=2 DEFAULT CHARSET=utf8;

-- Dumping data for table int_ita_db.lecture: ~1 rows (approximately)
/*!40000 ALTER TABLE `lecture` DISABLE KEYS */;
INSERT INTO `lecture` (`lectureID`, `lectureImageMain`, `lectureModule`, `lectureNumber`, `lectureNameText`, `lectureTypeText`, `lectureTypeImage`, `lectureTimeText`, `lectureMaxNumber`, `lectureIconImage`, `lectureUnwatchedImage`, `lectureOverlookedImage`, `infoLectures`, `thisLectureInfo`, `preLectureInfo`, `postLessonInfo`, `teacherTitle`, `linkName`) VALUES
	(1, '/css/images/lectureImage.png', '1', 0, 'Goal of classes 1', '10', '100', 'css/images/timeIco.p', 0, '', 'css/images/ratIco0.png', 'css/images/ratIco1.png', '0', '0', '0', '0', '0', '0');
/*!40000 ALTER TABLE `lecture` ENABLE KEYS */;


-- Dumping structure for table int_ita_db.mainpage
DROP TABLE IF EXISTS `mainpage`;
CREATE TABLE IF NOT EXISTS `mainpage` (
  `id` int(11) NOT NULL,
  `language` enum('EN','UA','RU') NOT NULL,
  `title` varchar(100) NOT NULL,
  `sliderHeader` varchar(50) NOT NULL,
  `sliderText` varchar(255) NOT NULL,
  `category` varchar(32) NOT NULL,
  `message` varchar(50) NOT NULL,
  `sliderTextureURL` varchar(255) NOT NULL,
  `sliderLineURL` varchar(255) NOT NULL,
  `sliderButtonText` varchar(20) NOT NULL,
  `header1` varchar(50) NOT NULL,
  `subLineImage` varchar(255) NOT NULL,
  `subheader1` varchar(100) NOT NULL,
  `arrayBlocks` varchar(10) NOT NULL,
  `header2` varchar(50) NOT NULL,
  `subheader2` varchar(100) NOT NULL,
  `arraySteps` varchar(10) NOT NULL,
  `stepSize` varchar(10) NOT NULL,
  `linkName` varchar(20) NOT NULL,
  `hexagon` varchar(255) NOT NULL,
  `formHeader1` varchar(50) NOT NULL,
  `formHeader2` varchar(50) NOT NULL,
  `regText` varchar(50) NOT NULL,
  `buttonStart` varchar(50) NOT NULL,
  `socialText` varchar(50) NOT NULL,
  `imageNetwork` varchar(255) NOT NULL,
  `formFon` varchar(255) NOT NULL,
  PRIMARY KEY (`id`)
) ENGINE=InnoDB DEFAULT CHARSET=utf8;

-- Dumping data for table int_ita_db.mainpage: ~2 rows (approximately)
/*!40000 ALTER TABLE `mainpage` DISABLE KEYS */;
INSERT INTO `mainpage` (`id`, `language`, `title`, `sliderHeader`, `sliderText`, `category`, `message`, `sliderTextureURL`, `sliderLineURL`, `sliderButtonText`, `header1`, `subLineImage`, `subheader1`, `arrayBlocks`, `header2`, `subheader2`, `arraySteps`, `stepSize`, `linkName`, `hexagon`, `formHeader1`, `formHeader2`, `regText`, `buttonStart`, `socialText`, `imageNetwork`, `formFon`) VALUES
	(0, 'UA', 'INTITA', 'ПРОГРАМУЙ  МАЙБУТНЄ', 'Не упусти свій шанс змінити світ - отримай якісну та сучасну освіту і стань класним спеціалістом!', 'mainpage', 'IntITA - Академія програмування', '/css/images/slider_img/texture.png', '/css/images/slider_img/line.png', 'ПОЧАТИ', 'Про нас', '/css/images/line1.png', 'дещо, що Вам потрібно знати про наші курси', '1', 'Як проводиться навчання?', 'далі пояснення як ви будете вчитися крок за кроком', '1', '958px', 'детальніше ...', '/css/images/hexagon.png', 'Готові розпочати?', 'Введіть дані в форму нижче', 'розширена реєстрація', 'ПОЧАТИ', 'Ви можете також зареєструватися через соцмережі:', '/css/images/networking.png', '/css/images/formFon.png');
/*!40000 ALTER TABLE `mainpage` ENABLE KEYS */;


-- Dumping structure for table int_ita_db.mainpagetranslated
DROP TABLE IF EXISTS `mainpagetranslated`;
CREATE TABLE IF NOT EXISTS `mainpagetranslated` (
  `id` int(11) NOT NULL AUTO_INCREMENT,
  `language` varchar(16) NOT NULL,
  `title` varchar(100) NOT NULL,
  `header1` varchar(100) NOT NULL,
  `subheader1` varchar(255) NOT NULL,
  `translation` text NOT NULL,
  `header2` varchar(100) NOT NULL,
  `subheader2` varchar(255) NOT NULL,
  `sliderHeader` varchar(50) NOT NULL,
  `sliderText` varchar(255) NOT NULL,
  `sliderButtonText` varchar(20) NOT NULL,
  `linkName` varchar(20) NOT NULL,
  `formHeader1` varchar(50) NOT NULL,
  `formHeader2` varchar(50) NOT NULL,
  `regText` varchar(50) NOT NULL,
  `buttonStart` varchar(50) NOT NULL,
  `socialText` varchar(50) NOT NULL,
  PRIMARY KEY (`id`,`language`),
  CONSTRAINT `FK__mainpage` FOREIGN KEY (`id`) REFERENCES `mainpage` (`id`) ON UPDATE CASCADE
) ENGINE=InnoDB DEFAULT CHARSET=utf8;

-- Dumping data for table int_ita_db.mainpagetranslated: ~1 rows (approximately)
/*!40000 ALTER TABLE `mainpagetranslated` DISABLE KEYS */;
INSERT INTO `mainpagetranslated` (`id`, `language`, `title`, `header1`, `subheader1`, `translation`, `header2`, `subheader2`, `sliderHeader`, `sliderText`, `sliderButtonText`, `linkName`, `formHeader1`, `formHeader2`, `regText`, `buttonStart`, `socialText`) VALUES
	(0, 'ru', '', 'О нас', '', 'ПРОГРАММИРУЙ БУДУЩЕЕ', '', '', '', '', '', '', '', '', '', '', '');
/*!40000 ALTER TABLE `mainpagetranslated` ENABLE KEYS */;


-- Dumping structure for table int_ita_db.modules
DROP TABLE IF EXISTS `modules`;
CREATE TABLE IF NOT EXISTS `modules` (
  `module_ID` int(11) NOT NULL AUTO_INCREMENT,
  `module_name` varchar(45) NOT NULL,
  `module_duration_hours` int(11) NOT NULL,
  `module_duration_days` int(11) NOT NULL,
  `lesson_count` int(11) DEFAULT NULL,
  `module_price` decimal(10,0) DEFAULT NULL,
  `for_whom` text,
  `what_you_learn` text,
  `what_you_get` text,
  `module_img` varchar(255) DEFAULT NULL,
  `about_module` text,
  PRIMARY KEY (`module_ID`),
  UNIQUE KEY `module_ID` (`module_ID`)
) ENGINE=InnoDB AUTO_INCREMENT=4 DEFAULT CHARSET=utf8;

-- Dumping data for table int_ita_db.modules: ~2 rows (approximately)
/*!40000 ALTER TABLE `modules` DISABLE KEYS */;
INSERT INTO `modules` (`module_ID`, `module_name`, `module_duration_hours`, `module_duration_days`, `lesson_count`, `module_price`, `for_whom`, `what_you_learn`, `what_you_get`, `module_img`, `about_module`) VALUES
	(1, 'Основи PHP', 14, 20, 6, 1256, 'для менеджерів проектів і тих, хто відповідає за постановку завдань на розробку;для дизайнерів, які готові почати не просто малювати красиві картинки, а й навчитися тому, як створювати працюючі і зручні інтерфейси;для розробників, які хочуть самостійно створити або змінити свій проект;', 'Ви навчитеся писати чистий код;Користуватися системами контролю версій;Дізнаєтеся, з чого складається сучасний додаток;Для чого потрібен безперервна інтеграція (СІ) сервер;Чому потрібно тестувати свої програми і як це робити;', 'Відеозаписи та текстові матеріали всіх онлайн-занять;Спілкування з розумними одногрупниками;Сертифікат про закінчення навчання;Прилаштованість на робоче місце в силіконовій долині;', '/css/images/courseimg1.png', NULL),
	(2, 'Module 2', 30, 15, NULL, NULL, NULL, NULL, NULL, NULL, NULL),
	(3, 'Module 3', 60, 30, NULL, NULL, NULL, NULL, NULL, NULL, NULL);
/*!40000 ALTER TABLE `modules` ENABLE KEYS */;


-- Dumping structure for table int_ita_db.regextended
DROP TABLE IF EXISTS `regextended`;
CREATE TABLE IF NOT EXISTS `regextended` (
  `regID` int(11) NOT NULL AUTO_INCREMENT,
  `language` enum('UA','EN','RU') NOT NULL,
  `mainLink` varchar(30) NOT NULL,
  `regLink` varchar(30) NOT NULL,
  `header` varchar(50) NOT NULL,
  `headerFoto` varchar(50) NOT NULL,
  `firstName` varchar(50) NOT NULL,
  `middleName` varchar(50) NOT NULL,
  `lastName` varchar(50) NOT NULL,
  `dateOfBirth` varchar(50) NOT NULL,
  `education` varchar(50) NOT NULL,
  `tel` varchar(50) NOT NULL,
  `email` varchar(50) NOT NULL,
  `password` varchar(50) NOT NULL,
  `repeatPassword` varchar(50) NOT NULL,
  `submitButtonText` varchar(50) NOT NULL,
  `chooseFileButton` varchar(50) NOT NULL,
  `fileNotChoose` varchar(50) NOT NULL,
  PRIMARY KEY (`regID`)
) ENGINE=InnoDB AUTO_INCREMENT=3 DEFAULT CHARSET=utf8;

-- Dumping data for table int_ita_db.regextended: ~2 rows (approximately)
/*!40000 ALTER TABLE `regextended` DISABLE KEYS */;
INSERT INTO `regextended` (`regID`, `language`, `mainLink`, `regLink`, `header`, `headerFoto`, `firstName`, `middleName`, `lastName`, `dateOfBirth`, `education`, `tel`, `email`, `password`, `repeatPassword`, `submitButtonText`, `chooseFileButton`, `fileNotChoose`) VALUES
	(1, 'UA', 'Головна', 'Реєстрація', 'Персональні', 'Завантажити фото профілю', 'Ім\'я', 'По-батькові', 'Прізвище', 'Дата народження', 'Освіта', 'Телефон', 'Email', 'Пароль', 'Повтор пароля', 'Відправити />', 'Виберіть файл', 'Файл не вибрано ...'),
	(2, 'RU', 'Главная', 'Регистрация', 'Персональные данные', 'Загрузить фото профиля', 'Имя', 'Отчество', 'Фамилия', 'Дата рождения', 'Образование', 'Телефон', 'Еmail', 'Пароль', 'Повтор пароля', 'ОТПРАВИТЬ />', 'ВЫБЕРИТЕ ФАЙЛ', 'Файл не вибрано &hellip;');
/*!40000 ALTER TABLE `regextended` ENABLE KEYS */;


-- Dumping structure for table int_ita_db.step
DROP TABLE IF EXISTS `step`;
CREATE TABLE IF NOT EXISTS `step` (
  `stepID` int(11) NOT NULL AUTO_INCREMENT,
  `language` enum('UA','RU','EN') NOT NULL,
  `stepName` varchar(30) NOT NULL DEFAULT '0',
  `stepNumber` int(11) NOT NULL,
  `stepTitle` varchar(50) NOT NULL,
  `stepImagePath` varchar(255) NOT NULL DEFAULT '0',
  `stepImage` varchar(50) NOT NULL,
  `stepText` text NOT NULL,
  PRIMARY KEY (`stepID`)
) ENGINE=InnoDB AUTO_INCREMENT=6 DEFAULT CHARSET=utf8;

-- Dumping data for table int_ita_db.step: ~5 rows (approximately)
/*!40000 ALTER TABLE `step` DISABLE KEYS */;
INSERT INTO `step` (`stepID`, `language`, `stepName`, `stepNumber`, `stepTitle`, `stepImagePath`, `stepImage`, `stepText`) VALUES
	(1, 'UA', 'крок', 1, 'Реєстрація на сайті', '/css/images/', 'step1.jpg', 'Щоб отримати доступ до переліку курсів, модулів і занять та пройти безкоштовні модулі і заняття зареєструйся на сайті. Реєстрація дозволить тобі оцінити якість та зручність нашого продукт, який стане для тебе надійним партнером і порадником в професійній самореалізації.\r\n'),
	(2, 'UA', 'крок', 2, 'Вибір курсу чи модуля', '/css/images/', 'step2.jpg', '<p>Щоб стати спеціалістом певного напрямку та рівня (отримати професійну спеціалізацію) вибери для проходження відповідний курс. Якщо Тебе цікавить виключно поглиблення знань в певному напрямку ІТ, то вибери відповідний модуль для проходження.</p>'),
	(3, 'UA', 'крок', 3, 'Проплата', '/css/images/', 'step3.jpg', 'Щоб розпочати проходження курсу чи модуля вибери схему оплати (вся сума за курс, помісячно, потриместрово тощо) та здійсни оплату зручним Тобі способом (схему оплати курсу чи модуля можна змінювати, також можлива помісячна оплата в кредит).'),
	(4, 'UA', 'крок', 4, 'Освоєння матеріалу', '/css/images/', 'step4.jpg', '<p>Вивчення матеріалу можливе шляхом читання тексту чи/і перегляду відео для кожного заняття.\n    Протягом освоєння матеріалу заняття виконуй Проміжні тестові завдання. По завершенню кожного заняття виконуй Підсумкове тестове завдання. Кожен модуль завершується Індивідуальним проектом чи Екзаменом.\n    Можна отримати індивідуальну консультацію викладача чи обговорити питання на форумі.</p>'),
	(5, 'UA', 'крок', 5, 'Завершення курсу', '/css/images/', 'step5.jpg', 'Підсумком курсу є Командний дипломний проект, який виконується разом з іншими студентами (склад команди формуєш самостійно чи рекомендує керівник, який затверджує тему і технічне завдання проекту). Здача проекту передбачає передзахист та захист в он-лайн режимі із представленням технічної документації.');
/*!40000 ALTER TABLE `step` ENABLE KEYS */;


-- Dumping structure for table int_ita_db.studentprofile
DROP TABLE IF EXISTS `studentprofile`;
CREATE TABLE IF NOT EXISTS `studentprofile` (
  `id` int(11) NOT NULL AUTO_INCREMENT,
  `firstName` varchar(255) NOT NULL,
  `middleName` varchar(255) DEFAULT NULL,
  `secondName` varchar(255) DEFAULT NULL,
  `nickname` varchar(255) DEFAULT NULL,
  `birthday` varchar(11) DEFAULT NULL,
  `email` varchar(255) NOT NULL,
  `password` varchar(255) DEFAULT NULL,
  `phone` varchar(15) DEFAULT NULL,
  `address` text,
  `education` varchar(255) DEFAULT NULL,
  `educform` varchar(60) DEFAULT NULL,
  `interests` text,
  `aboutUs` text,
  `aboutMy` varchar(255) DEFAULT NULL,
  `avatar` varchar(255) DEFAULT NULL,
  `role` varchar(255) DEFAULT NULL,
  PRIMARY KEY (`id`)
) ENGINE=InnoDB AUTO_INCREMENT=4 DEFAULT CHARSET=utf8;

-- Dumping data for table int_ita_db.studentprofile: ~1 rows (approximately)
/*!40000 ALTER TABLE `studentprofile` DISABLE KEYS */;
INSERT INTO `studentprofile` (`id`, `firstName`, `middleName`, `secondName`, `nickname`, `birthday`, `email`, `password`, `phone`, `address`, `education`, `educform`, `interests`, `aboutUs`, `aboutMy`, `avatar`, `role`) VALUES
	(1, 'Вова', 'Джа', 'Марля', 'Wizlight', '21/03/1997', 'Wizlightdragon@gmail.com', '', '911', 'Ямайка', 'ВДПУ', 'Онлайн', 'Ковбаска, колобки, раста', 'Інтернет', 'Володію албанською. Люблю м\'ясо та до м\'яса. Розвожу королів. ', '/css/images/1id.jpg', NULL),
	(3, 'uhg', NULL, '', '', '', 'gtsgrstg@fretf.gtr', 'jj', '', '', '', 'Не вибрано', '', '', '', NULL, '0');
/*!40000 ALTER TABLE `studentprofile` ENABLE KEYS */;


-- Dumping structure for table int_ita_db.students
DROP TABLE IF EXISTS `students`;
CREATE TABLE IF NOT EXISTS `students` (
  `student_id` int(11) NOT NULL AUTO_INCREMENT,
  `first_name` varchar(35) NOT NULL,
  `middle_name` varchar(35) NOT NULL,
  `last_name` varchar(35) NOT NULL,
  `login` varchar(50) NOT NULL,
  `phone` int(13) NOT NULL,
  `education` varchar(255) NOT NULL,
  `about_myself` varchar(255) NOT NULL,
  `interests` varchar(255) NOT NULL,
  `certificates` varchar(255) NOT NULL,
  `password` varchar(255) NOT NULL,
  `password_repeat` varchar(50) NOT NULL,
  `note` varchar(255) NOT NULL,
  `email` varchar(35) NOT NULL,
  `address` varchar(150) NOT NULL,
  `birthday` date NOT NULL,
  `gender` enum('male','female') NOT NULL,
  `date_joined` date NOT NULL,
  `country` varchar(50) NOT NULL,
  `timezome` varchar(100) DEFAULT NULL,
  PRIMARY KEY (`student_id`),
  UNIQUE KEY `email` (`email`),
  CONSTRAINT `FK_students_users` FOREIGN KEY (`email`) REFERENCES `users` (`user_email`)
) ENGINE=InnoDB DEFAULT CHARSET=utf8;

-- Dumping data for table int_ita_db.students: ~0 rows (approximately)
/*!40000 ALTER TABLE `students` DISABLE KEYS */;
/*!40000 ALTER TABLE `students` ENABLE KEYS */;


-- Dumping structure for table int_ita_db.studentsaccess
DROP TABLE IF EXISTS `studentsaccess`;
CREATE TABLE IF NOT EXISTS `studentsaccess` (
  `accessID` int(11) NOT NULL AUTO_INCREMENT,
  `studentID` int(11) NOT NULL,
  `courseID` int(11) NOT NULL,
  `moduleID` int(11) NOT NULL,
  `lectureID` int(11) NOT NULL,
  `dateChange` date NOT NULL,
  PRIMARY KEY (`accessID`),
  KEY `FK_courseaccess_students` (`studentID`),
  KEY `FK_studentsaccess_course` (`courseID`),
  KEY `FK_studentsaccess_lectures` (`lectureID`),
  KEY `FK_studentsaccess_modules` (`moduleID`),
  CONSTRAINT `FK_courseaccess_students` FOREIGN KEY (`studentID`) REFERENCES `students` (`student_id`),
  CONSTRAINT `FK_studentsaccess_course` FOREIGN KEY (`courseID`) REFERENCES `course` (`course_ID`),
  CONSTRAINT `FK_studentsaccess_lectures` FOREIGN KEY (`lectureID`) REFERENCES `lecture` (`lectureID`),
  CONSTRAINT `FK_studentsaccess_modules` FOREIGN KEY (`moduleID`) REFERENCES `modules` (`module_ID`)
) ENGINE=InnoDB DEFAULT CHARSET=utf8;

-- Dumping data for table int_ita_db.studentsaccess: ~0 rows (approximately)
/*!40000 ALTER TABLE `studentsaccess` DISABLE KEYS */;
/*!40000 ALTER TABLE `studentsaccess` ENABLE KEYS */;


-- Dumping structure for table int_ita_db.teachers
DROP TABLE IF EXISTS `teachers`;
CREATE TABLE IF NOT EXISTS `teachers` (
  `teacherID` int(11) NOT NULL AUTO_INCREMENT,
  `teacher_title` int(11) NOT NULL DEFAULT '0',
  `linkName` int(11) NOT NULL DEFAULT '0',
  `firstName` varchar(35) NOT NULL,
  `middleName` varchar(35) NOT NULL,
  `lastName` varchar(35) NOT NULL,
  `email` varchar(35) NOT NULL,
  `fotoURL` varchar(100) NOT NULL,
  `link` varchar(100) NOT NULL,
  `coursesArray` varchar(255) NOT NULL,
  `skype` varchar(100) NOT NULL,
  `tel` varchar(15) NOT NULL,
  `gender` int(11) NOT NULL DEFAULT '0',
  `dateOfBirth` int(11) NOT NULL DEFAULT '0',
  `subjects` varchar(50) NOT NULL DEFAULT '0',
  `jobTitle` varchar(50) NOT NULL DEFAULT '0',
  `education` varchar(100) NOT NULL DEFAULT '0',
  `degree` varchar(50) NOT NULL DEFAULT '0',
  `articles` text NOT NULL,
  `otherTeacherDetailes` text NOT NULL,
  PRIMARY KEY (`teacherID`),
  UNIQUE KEY `email` (`email`)
) ENGINE=InnoDB DEFAULT CHARSET=utf8;

-- Dumping data for table int_ita_db.teachers: ~0 rows (approximately)
/*!40000 ALTER TABLE `teachers` DISABLE KEYS */;
/*!40000 ALTER TABLE `teachers` ENABLE KEYS */;


-- Dumping structure for table int_ita_db.teacherspage
DROP TABLE IF EXISTS `teacherspage`;
CREATE TABLE IF NOT EXISTS `teacherspage` (
  `id` int(11) NOT NULL AUTO_INCREMENT,
  `lang` varchar(6) NOT NULL,
  `header` varchar(50) NOT NULL,
  `courses` varchar(50) NOT NULL,
  `link1` varchar(100) NOT NULL,
  `link2` varchar(100) NOT NULL,
  `BCmain` varchar(30) NOT NULL,
  `BCteachers` varchar(30) NOT NULL,
  `title` varchar(50) NOT NULL,
  `profile` varchar(50) NOT NULL,
  PRIMARY KEY (`id`)
) ENGINE=InnoDB AUTO_INCREMENT=3 DEFAULT CHARSET=utf8;

-- Dumping data for table int_ita_db.teacherspage: ~2 rows (approximately)
/*!40000 ALTER TABLE `teacherspage` DISABLE KEYS */;
INSERT INTO `teacherspage` (`id`, `lang`, `header`, `courses`, `link1`, `link2`, `BCmain`, `BCteachers`, `title`, `profile`) VALUES
	(1, 'UA', 'Our teachers', 'Веде курси:', 'Читати повністю', 'Відгуки про викладача', 'Головна', 'Викладачі', 'ІНТІТА - Викладачі', 'Персональна сторінка'),
	(2, 'RU', 'Наши преподаватели', 'Ведет курсы:', 'Читать полностью', 'Отзывы о преподавателе', 'Главная', 'Преподаватели', 'ИНТИТА - Преподаватели', 'Персональная страница');
/*!40000 ALTER TABLE `teacherspage` ENABLE KEYS */;


-- Dumping structure for table int_ita_db.teacher_temp
DROP TABLE IF EXISTS `teacher_temp`;
CREATE TABLE IF NOT EXISTS `teacher_temp` (
  `teacher_id` int(11) NOT NULL AUTO_INCREMENT,
  `lang` varchar(6) NOT NULL,
  `first_name` varchar(35) NOT NULL,
  `middle_name` varchar(35) NOT NULL,
  `last_name` varchar(35) NOT NULL,
  `foto_url` varchar(100) NOT NULL,
  `subjects` varchar(100) NOT NULL,
  `profile_text_big` text NOT NULL,
  `profile_text` text NOT NULL,
  `readMoreLink` varchar(255) NOT NULL,
  `email` varchar(50) NOT NULL,
  `tel` varchar(100) NOT NULL,
  `skype` varchar(50) NOT NULL,
  `title` varchar(50) NOT NULL,
  `linkName` varchar(50) NOT NULL,
  PRIMARY KEY (`teacher_id`)
) ENGINE=InnoDB AUTO_INCREMENT=7 DEFAULT CHARSET=utf8;

-- Dumping data for table int_ita_db.teacher_temp: ~6 rows (approximately)
/*!40000 ALTER TABLE `teacher_temp` DISABLE KEYS */;
INSERT INTO `teacher_temp` (`teacher_id`, `lang`, `first_name`, `middle_name`, `last_name`, `foto_url`, `subjects`, `profile_text_big`, `profile_text`, `readMoreLink`, `email`, `tel`, `skype`, `title`, `linkName`) VALUES
	(1, 'UA', 'Олександра', 'Василівна', 'Сіра', '/css/images/teacher1.jpg', 'кройка и шитье сроков; програмування самоубийств', 'Народилася і виросла в Сакраменто, у 18 років вона переїхала до Лос-Анджелеса й незабаром стала вкладачем. У 2007, 2008 і 2010 рр.. вона виграла кілька номінацій премії AVN Awards (також була названа «Найкращою програмісткою» у 2007 році за версією XRCO). Паралельно з вікладауцью роботою та роботою програміста в Саша Грей грає головну роль в тестванні Інтернету.\r\n\r\nМарина Енн Генціс народилася у родині механіка. Її батько мав грецьке походження. Батьки дівчинки розлучилися коли їй було 5 років, надалі її виховувала мати, яка вступила в повторний шлюб у 2000 роц. Марина не ладнала з вітчимом, і, коли їй виповнилося 16 років, дівчина повідомила матері, що збирається покинути будинок. Достеменно невідомо, втекла вона з свого будинку або ж її відпустила мати. Сама Олександра пізніше зізнавалася, що в той час робила все те, що не подобалося її батькам і що вони їй забороняли.\r\n\r\nГлавный бухгалтер акционерного предприятия, специализирующегося на:\r\n\r\n    оказании полезных услуг горизонтального характера;\r\n    торговле, внешнеэкономической и внутреннеэкономической;\r\n    позитивное обучение швейного мастерства;\r\n\r\n Олександра Сіра виконала головну роль у фільмі оскароносного режисера Стівена Содерберга «Дівчина за викликом»[27][28]. Олександра грає дівчину на ім\'я Челсі, яка надає ескорт послуги заможним людям. Содерберг взяв її на роль після того, як прочитав статтю про неї у журналі Los Angeles, коментуючи це так: «She\'s kind of a new breed, I think. She doesn\'t really fit the typical mold of someone who goes into the adult film business. … I\'d never heard anybody talk about the business the way that she talked about it». Журналіст Скотт Маколей каже, що можливо Грей вибрала саме цю роль через свій інтерес до незалежних режисерів, таких як Жан-Люк Годар, Хармоні Корін, Девід Гордон Грін, Мікеланджело Антоніоні, Аньєс Варда та Вільям Клейн.\r\n\r\nКоли Олександра готувалася до ролі у «Дівчині за викликом», Содерберг попросив її подивитися «Жити своїм життям» і «Божевільний П\'єро»[29]. У фільмі «Жити своїм життям» піднімаються проблеми проституції, звідки Грей могла взяти щось і для своєї ролі, в той час як у «Божевільному П\'єро» показані відносини, схожі на ті, що відбуваються між Челсі, її хлопцем і клієнтами.\'; ', '<p>Профессиональный преподаватель бухгалтерского и налогового учета Национальноготранспортного университета кафедры финансов, учета и аудита со стажем преподавательской работы более 25 лет. Закончила аспирантуру, автор 36 научных работ в области учета и аудита, в т.ч. уникальной обучающей методики написания бухгалтерских проводок: <span>"Как украсть и не сесть" </span> и <span>"Как украсть и посадить другого" </span>.</p><p>Главный бухгалтер акционерного предприятия, специализирующегося на:<ul><li>оказании полезных услуг горизонтального характера;</li><li>торговле, внешнеэкономической и внутреннеэкономической;</li><li>позитивное обучение швейного мастерства;</li></ul></p>', '/index.php?r=teacherprofile', '', '', '', '', ''),
	(2, 'UA', 'Константин', 'Константинович', 'Константинопольский', '/css/images/teacher2.jpg', 'программування БДСМ; программування на Php для пострадавших в ЧАЭС; GlobalLoqic, Samsung, Coqniance', '', '<p>Консультант по вопросам бухгалтерского и налогового учета, отчетности для предприятий разной формы собственности. Преподаватель с многолетним стажем работы. <span>Реально шарит в компьютерах.</span></p><p>Автор технологии повышения квалификации специалистов экономического профиля.</p><p>Опыт преподавательской работы около 20 лет в учебных центрах и ВУЗах Киева. Опыт работы главным бухгалтером, финансовым директором. Большой опыт внедрения программ системы Виндовз 3:11.</p>', '/index.php?r=teacherprofile', '', '', '', '', ''),
	(3, 'UA', 'Любовь', 'Анатольевна', 'Ктоятакая-Замухриншская', '/css/images/teacher3.jpg', 'Бухгалтер с «О» и до первой отсидки; Программирование своего позитивного прошлого', '', '<p>Практикующий главный бухгалтер. Учредитель ПП <span>«Логика тут безсильна»</span>;</p>\r\n<p>Образование высшее - ДонГУ (1987г.)</p>\r\n<p>Опыт работы 27 лет, в т. ч. преподавания - 9 лет.</p>\r\n<ul><li>специалист по позитивной энергетике;</li><li>эксперт по эффективному ремонту баянов;</li><li>мастер психотерапии для сложных бабушек и дедушек;</li></ul>', '/index.php?r=teacherprofile', '', '', '', '', ''),
	(4, 'UA', 'Василий', 'Васильевич', 'Меняетпроффесию', '/css/images/teacher4.jpg', 'программування БДСМ; программування на Php для пострадавших в ЧАЭС; GlobalLoqic, Samsung, Coqniance', '', '<p>Консультант по вопросам бухгалтерского и налогового учета, отчетности для предприятий разной формы собственности. Преподаватель с многолетним стажем работы. <span>Реально шарит в компьютерах.</span></p><p>Автор технологии повышения квалификации специалистов экономического профиля.</p><p>Опыт преподавательской работы около 20 лет в учебных центрах и ВУЗах Киева. Опыт работы главным бухгалтером, финансовым директором. Большой опыт внедрения программ системы Виндовз 3:11.</p>', '/index.php?r=teacherprofile', '', '', '', '', ''),
	(5, 'UA', 'Ия', 'Тожевна', 'Воваяготова', '/css/images/teacher5.jpg', 'программування БДСМ; программування на Php для пострадавших в ЧАЭС; GlobalLoqic, Samsung, Coqniance', '', '<p>Консультант по вопросам бухгалтерского и налогового учета, отчетности для предприятий разной формы собственности. Преподаватель с многолетним стажем работы. <span>Реально шарит в компьютерах.</span></p><p>Автор технологии повышения квалификации специалистов экономического профиля.</p><p>Опыт преподавательской работы около 20 лет в учебных центрах и ВУЗах Киева. Опыт работы главным бухгалтером, финансовым директором. Большой опыт внедрения программ системы Виндовз 3:11.</p>', '/index.php?r=teacherprofile', '', '', '', '', ''),
	(6, 'UA', 'Петросян', 'Петросянович', 'Забугорный', '/css/images/teacher6.jpg', 'программування БДСМ; программування на Php для пострадавших в ЧАЭС; GlobalLoqic, Samsung, Coqniance', '', '<p>Консультант по вопросам бухгалтерского и налогового учета, отчетности для предприятий разной формы собственности. Преподаватель с многолетним стажем работы. <span>Реально шарит в компьютерах.</span></p><p>Автор технологии повышения квалификации специалистов экономического профиля.</p><p>Опыт преподавательской работы около 20 лет в учебных центрах и ВУЗах Киева. Опыт работы главным бухгалтером, финансовым директором. Большой опыт внедрения программ системы Виндовз 3:11.</p>', '/index.php?r=teacherprofile', '', '', '', '', '');
/*!40000 ALTER TABLE `teacher_temp` ENABLE KEYS */;


-- Dumping structure for table int_ita_db.user
DROP TABLE IF EXISTS `user`;
CREATE TABLE IF NOT EXISTS `user` (
  `userID` int(11) NOT NULL AUTO_INCREMENT,
  `userEmail` varchar(35) NOT NULL,
  `userPassword` varchar(40) NOT NULL,
  `userHash` varchar(20) DEFAULT NULL,
  `userStatus` tinyint(4) DEFAULT NULL,
  `username` varchar(50) NOT NULL,
  `profile` int(11) DEFAULT NULL,
  `role` int(1) NOT NULL,
  PRIMARY KEY (`userID`),
  UNIQUE KEY `user_email` (`userEmail`),
  KEY `FK_user_studentprofile` (`profile`),
  CONSTRAINT `FK_user_studentprofile` FOREIGN KEY (`profile`) REFERENCES `studentprofile` (`id`)
) ENGINE=InnoDB AUTO_INCREMENT=6 DEFAULT CHARSET=utf8;

-- Dumping data for table int_ita_db.user: ~4 rows (approximately)
/*!40000 ALTER TABLE `user` DISABLE KEYS */;
INSERT INTO `user` (`userID`, `userEmail`, `userPassword`, `userHash`, `userStatus`, `username`, `profile`, `role`) VALUES
	(1, 'mail1@mail.com', 'qwerty', '67896', 0, 'user', NULL, 0),
	(2, 'email', 'password', '098877', 0, 'user', NULL, 0),
	(4, 'email1', 'password1', '232213', 1, 'user', NULL, 0),
	(5, 'emaildd', 'passworfg', '232213', 0, 'user', NULL, 0);
/*!40000 ALTER TABLE `user` ENABLE KEYS */;
/*!40014 SET FOREIGN_KEY_CHECKS=1 */;
/*!40101 SET CHARACTER_SET_CLIENT=@OLD_CHARACTER_SET_CLIENT */;
